[{"id":"user-image-___page_0003.jpg","publicUrl":"np://user.desktop.nicepage.com/Site_81157619/images/___page_0003.jpg","size":151510,"hash":"aETjnaifmkvpkYBk4eN9a+HgMtU=","fileName":"___page_0003.jpg","name":"___page_0003","width":874,"height":1241,"thumbnail":{"url":"np://user.desktop.nicepage.com/Site_81157619/images/thumbnails/___page_0003.jpg","width":176,"height":250},"folderId":null,"usages":["77047834"]},{"id":"user-image-20240520_194548.jpg","publicUrl":"np://user.desktop.nicepage.com/Site_81157619/images/20240520_194548.jpg","size":2276484,"hash":"Z29jKKAy+JpU87btZJ5OYxJkgEI=","fileName":"20240520_194548.jpg","name":"20240520_194548","width":2298,"height":3264,"thumbnail":{"url":"np://user.desktop.nicepage.com/Site_81157619/images/thumbnails/20240520_194548.jpg","width":176,"height":250},"folderId":null,"usages":["77047834"]},{"id":"user-image-IMG_9024.JPG","publicUrl":"np://user.desktop.nicepage.com/Site_81157619/images/IMG_9024.JPG","size":132255,"hash":"43CiAEm4IoAwbbwsP1lZ1IfzLkQ=","fileName":"IMG_9024.JPG","name":"IMG_9024","width":640,"height":640,"thumbnail":{"url":"np://user.desktop.nicepage.com/Site_81157619/images/thumbnails/IMG_9024.JPG","width":250,"height":250},"folderId":null,"usages":["77047834"]},{"id":"user-image-20240520_194044.jpg","publicUrl":"np://user.desktop.nicepage.com/Site_81157619/images/20240520_194044.jpg","size":2445107,"hash":"Bw4h/8plTCn+BKZ3E13S9/PpMjg=","fileName":"20240520_194044.jpg","name":"20240520_194044","width":2298,"height":3264,"thumbnail":{"url":"np://user.desktop.nicepage.com/Site_81157619/images/thumbnails/20240520_194044.jpg","width":176,"height":250},"folderId":null,"usages":["77047834"]},{"id":"user-image-4457024.png","publicUrl":"np://user.desktop.nicepage.com/Site_81157619/images/4457024.png","size":4300,"hash":"+KbdJOe0eZU5g54IzPSqtCHY9o4=","fileName":"4457024.png","name":"4457024","width":128,"height":128,"thumbnail":{"url":"np://user.desktop.nicepage.com/Site_81157619/images/thumbnails/4457024.png","width":128,"height":128,"length":4300,"type":"png"},"folderId":null,"originalUrl":"//images01.nicepage.com/c461c07a441a5d220e8feb1a/ffc763c669595b508558d011/4457024.png","usages":["77047834"]},{"id":"user-image-6646730.png","publicUrl":"np://user.desktop.nicepage.com/Site_81157619/images/6646730.png","size":2550,"hash":"3brRow8kZl5mCRnbe3MoSaErIUs=","fileName":"6646730.png","name":"6646730","width":128,"height":128,"thumbnail":{"url":"np://user.desktop.nicepage.com/Site_81157619/images/thumbnails/6646730.png","width":128,"height":128,"length":2550,"type":"png"},"folderId":null,"originalUrl":"//images01.nicepage.com/c461c07a441a5d220e8feb1a/4980e9947033566cb48348cd/6646730.png","usages":["77047834"]},{"id":"user-image-840781.png","publicUrl":"np://user.desktop.nicepage.com/Site_81157619/images/840781.png","size":3676,"hash":"CJEoWPXamtVkeqF/KeI670EIO4Y=","fileName":"840781.png","name":"840781","width":128,"height":128,"thumbnail":{"url":"np://user.desktop.nicepage.com/Site_81157619/images/thumbnails/840781.png","width":128,"height":128,"length":3676,"type":"png"},"folderId":null,"originalUrl":"//images01.nicepage.com/c461c07a441a5d220e8feb1a/8d5d16cf27305106a9cd4dbb/840781.png","usages":["77047834"]},{"id":"user-image-5807340-min.png","publicUrl":"np://user.desktop.nicepage.com/Site_81157619/images/5807340-min.png","size":204674,"hash":"Gj+k6TxLgJkeGtBS3in9PcLfGRU=","fileName":"5807340-min.png","name":"5807340-min","width":1422,"height":900,"thumbnail":{"url":"np://user.desktop.nicepage.com/Site_81157619/images/thumbnails/5807340-min.png","width":250,"height":158},"folderId":null,"originalUrl":"//images01.nicepage.com/c461c07a441a5d220e8feb1a/b3849f02f5d95d259a5425a2/5807340-min.png","usages":["77047834"]},{"id":"user-image-jh.jpg","publicUrl":"np://user.desktop.nicepage.com/Site_81157619/images/jh.jpg","size":83471,"hash":"ncfUDJoNSUsWtRwApH2sHxRKlGQ=","fileName":"jh.jpg","name":"jh","width":1980,"height":1114,"thumbnail":{"url":"np://user.desktop.nicepage.com/Site_81157619/images/thumbnails/jh.jpg","width":250,"height":141},"folderId":null,"originalUrl":"//images01.nicepage.com/c461c07a441a5d220e8feb1a/3c78d290f59250859f377a37/jh.jpg","usages":["77047834"]},{"id":"user-image-folder-6af0e524-c66b-db86-82dc-e1943e14a718","isFolder":true,"title":"meme","folderId":null,"count":0,"usages":[]}]