[{"id":725110085,"title":"Blog Template","order":1,"templateKey":"blog","customTemplate":false,"customTemplateFilename":null,"pageLinks":[],"dateCreated":"2024-05-26T11:23:41.636Z","dateUpdated":"2024-05-26T11:23:43.100Z","folderId":null,"pageName":"Blog Template","serverPageId":null,"sectionCount":1,"status":2,"backwardUrl":null},{"id":1644828964,"title":"Post Template","order":2,"templateKey":"post","customTemplate":false,"customTemplateFilename":null,"pageLinks":[],"dateCreated":"2024-05-26T11:23:41.753Z","dateUpdated":"2024-05-26T11:23:43.100Z","folderId":null,"pageName":"Post Template","serverPageId":null,"sectionCount":1,"status":2,"backwardUrl":null},{"id":43981792,"title":"Product List Template","order":3,"templateKey":"products","customTemplate":false,"customTemplateFilename":null,"pageLinks":[],"dateCreated":"2024-05-26T11:23:41.885Z","dateUpdated":"2024-05-26T11:23:43.100Z","folderId":null,"pageName":"Product List Template","serverPageId":null,"sectionCount":1,"status":2,"backwardUrl":null},{"id":278081713,"title":"Product Details Template","order":4,"templateKey":"product","customTemplate":false,"customTemplateFilename":null,"pageLinks":[],"dateCreated":"2024-05-26T11:23:42.027Z","dateUpdated":"2024-05-26T11:23:43.101Z","folderId":null,"pageName":"Product Details Template","serverPageId":null,"sectionCount":1,"status":2,"backwardUrl":null},{"id":270507813,"title":"Shopping Cart Template","order":5,"templateKey":"cart","customTemplate":false,"customTemplateFilename":null,"pageLinks":[],"dateCreated":"2024-05-26T11:23:42.149Z","dateUpdated":"2024-05-26T11:23:43.101Z","folderId":null,"pageName":"Shopping Cart Template","serverPageId":null,"sectionCount":1,"status":2,"backwardUrl":null},{"id":254178947,"title":"Checkout Template","order":6,"templateKey":"checkout","customTemplate":false,"customTemplateFilename":null,"pageLinks":[],"dateCreated":"2024-05-26T11:23:42.318Z","dateUpdated":"2024-05-26T11:23:43.101Z","folderId":null,"pageName":"Checkout Template","serverPageId":null,"sectionCount":1,"status":2,"backwardUrl":null},{"id":58258321,"title":"Login Template","order":7,"templateKey":"login","customTemplate":false,"customTemplateFilename":null,"pageLinks":[],"dateCreated":"2024-05-26T11:23:42.427Z","dateUpdated":"2024-05-26T11:23:43.101Z","folderId":null,"pageName":"Login Template","serverPageId":null,"sectionCount":1,"status":2,"backwardUrl":null},{"id":272115695,"title":"Page Password Template","order":8,"templateKey":"password","customTemplate":false,"customTemplateFilename":null,"pageLinks":[],"dateCreated":"2024-05-26T11:23:42.507Z","dateUpdated":"2024-05-26T11:23:43.101Z","folderId":null,"pageName":"Page Password Template","serverPageId":null,"sectionCount":1,"status":2,"backwardUrl":null},{"id":99317645,"title":"404 Not Found Template","order":9,"templateKey":"404","customTemplate":false,"customTemplateFilename":null,"pageLinks":[],"dateCreated":"2024-05-26T11:23:42.585Z","dateUpdated":"2024-05-26T11:23:43.101Z","folderId":null,"pageName":"404 Not Found Template","serverPageId":null,"sectionCount":1,"status":2,"backwardUrl":null},{"id":333214411,"title":"Thank You Page Template","order":10,"templateKey":"ThankYou","customTemplate":false,"customTemplateFilename":null,"pageLinks":[],"dateCreated":"2024-05-26T11:23:42.651Z","dateUpdated":"2024-05-26T11:23:43.101Z","folderId":null,"pageName":"Thank You Page Template","serverPageId":null,"sectionCount":1,"status":2,"backwardUrl":null},{"id":77047834,"title":"Home","order":50,"templateKey":null,"customTemplate":false,"customTemplateFilename":null,"pageLinks":[],"dateCreated":"2024-05-26T11:32:33.314Z","dateUpdated":"2024-05-26T12:58:54.687Z","folderId":null,"pageName":"Home_77047834","serverPageId":null,"sectionCount":11,"status":2,"backwardUrl":null},{"id":5583996,"title":"About","order":100,"templateKey":null,"customTemplate":false,"customTemplateFilename":null,"pageLinks":[],"dateCreated":"2024-05-26T11:23:42.698Z","dateUpdated":"2024-05-26T11:23:43.101Z","folderId":null,"pageName":"About_5583996","serverPageId":null,"sectionCount":1,"status":2,"backwardUrl":null},{"id":593827423,"title":"Contact","order":101,"templateKey":null,"customTemplate":false,"customTemplateFilename":null,"pageLinks":[],"dateCreated":"2024-05-26T11:23:42.739Z","dateUpdated":"2024-05-26T11:23:43.102Z","folderId":null,"pageName":"Contact_593827423","serverPageId":null,"sectionCount":1,"status":2,"backwardUrl":null}]